dth_max_T,dth_max_phase_T,dth_min_T,dth_min_phase_T,dth_min_phase_T,dth_average_T,dth_average_after_min
0.101129363,0.002617801,0.442857143,0.403846154,0.250692521,0.306927138,0.294261639
0.932238193,0.028795812,0.663265306,0.211538462,0.998614958,0.595683557,0.267763958
0.146303901,0.028795812,0.679591837,0.980769231,0.084487535,0.757604051,0.815413782
0.117556468,0.002617801,0.442857143,0.980769231,0.250692521,0.221998779,0.368281964
0.878336756,0.028795812,0.408163265,0.211538462,0.998614958,0.424821345,0.146209749
0.111396304,0.028795812,0.4,0.980769231,0.084487535,0.614069738,0.766926148
0.103182752,0.002617801,0.540816327,0.403846154,0.001385042,0.404675549,0.36200245
0.944558522,0.028795812,0.646938776,0.211538462,0.915512465,0.604050706,0.273317439
0.136036961,0.081151832,0.432653061,0.980769231,0.084487535,0.626243401,0.733375463
0.082135524,0.002617801,0.342857143,0.980769231,0.333795014,0.182999964,0.340303909
0.878336756,0.028795812,0.687755102,0.788461538,0.832409972,0.557115668,0.358165327
0.138090349,0.054973822,0.424489796,0.019230769,0.084487535,0.60225518,0.480906558
0.101129363,0.002617801,0.391836735,0.403846154,0.167590028,0.277049592,0.251199265
0.909137577,0.028795812,0.483673469,0.211538462,0.832409972,0.504291306,0.213761143
0.133983573,0.081151832,0.524489796,0.980769231,0.084487535,0.652350343,0.791859363
0.107289528,0.002617801,0.442857143,0.403846154,0.167590028,0.294178906,0.270882067
0.900924025,0.028795812,0.432653061,0.211538462,0.749307479,0.501562107,0.21759113
0.133983573,0.028795812,0.475510204,0.019230769,0.084487535,0.645168241,0.50361072
0.10523614,0.002617801,0.424489796,0.403846154,0.250692521,0.293999354,0.269832983
0.9137577,0.028795812,0.451020408,0.211538462,0.832409972,0.49050167,0.195233581
0.127823409,0.081151832,0.475510204,0.980769231,0.084487535,0.647646066,0.774279723
0.109342916,0.002617801,0.408163265,0.403846154,0.250692521,0.254892807,0.243855681
0.900924025,0.028795812,0.459183673,0.211538462,0.915512465,0.500017955,0.216920882
0.14835729,0.081151832,0.614285714,0.019230769,0.084487535,0.715983768,0.548559446
0.103182752,0.002617801,0.475510204,0.403846154,0.250692521,0.277803713,0.259392106
0.888603696,0.028795812,0.5,0.211538462,0.915512465,0.487449276,0.19700495
0.11550308,0.028795812,0.383673469,0.980769231,0.084487535,0.56925342,0.717059719
0.082135524,0.002617801,0.326530612,0.403846154,0.084487535,0.255754659,0.255295685
0.911190965,0.028795812,0.483673469,0.211538462,0.749307479,0.528566812,0.227884219
0.131930185,0.054973822,0.375510204,0.980769231,0.084487535,0.588142349,0.737741648
0.067761807,0.002617801,0.565306122,0.403846154,0.084487535,0.371889252,0.320888374
0.919917864,0.028795812,0.630612245,0.211538462,0.915512465,0.513484397,0.176418771
0.092402464,0.054973822,0.244897959,0.980769231,0.167590028,0.461809172,0.671559475
0.073921971,0.002617801,0.442857143,0.403846154,0.250692521,0.274033109,0.281672639
0.924024641,0.028795812,0.795918367,0.211538462,0.998614958,0.633712788,0.298547477
0.154517454,0.054973822,0.391836735,0.980769231,0.084487535,0.598771861,0.739177893
0.084188912,0.002617801,0.342857143,0.403846154,0.167590028,0.217186771,0.221125542
0.888603696,0.028795812,0.383673469,0.211538462,0.749307479,0.461162782,0.170242917
0.121663244,0.028795812,0.310204082,0.980769231,0.084487535,0.542966926,0.722345101
0.097022587,0.002617801,0.540816327,0.403846154,0.250692521,0.338995224,0.310897104
0.919917864,0.028795812,0.614285714,0.211538462,0.915512465,0.577117822,0.273556813
0.160677618,0.081151832,0.5,0.980769231,0.084487535,0.651057565,0.771407233
0.094969199,0.002617801,0.391836735,0.403846154,0.167590028,0.239523108,0.226670696
0.890657084,0.028795812,0.391836735,0.211538462,0.915512465,0.460695946,0.173259032
0.129876797,0.054973822,0.451020408,0.980769231,0.084487535,0.612920602,0.735960704
0.075975359,0.002617801,0.318367347,0.980769231,0.167590028,0.204546271,0.356562204
0.902977413,0.028795812,0.467346939,0.211538462,0.915512465,0.501490286,0.215484637
0.14835729,0.028795812,0.516326531,0.980769231,0.084487535,0.70553381,0.815815931
0.113449692,0.002617801,0.442857143,0.980769231,0.250692521,0.287355909,0.425616867
0.921971253,0.028795812,0.573469388,0.211538462,0.832409972,0.531619205,0.224532981
0.119609856,0.028795812,0.359183673,0.980769231,0.084487535,0.549933566,0.696550139
0.051334702,0.002617801,0.293877551,0.403846154,0.084487535,0.225158904,0.228569038
0.900924025,0.028795812,0.483673469,0.211538462,0.832409972,0.504506769,0.212420647
0.156570842,0.081151832,0.548979592,0.980769231,0.084487535,0.703666463,0.807830408
0.107289528,0.002617801,0.432653061,0.403846154,0.001385042,0.340036629,0.291863734
0.924024641,0.028795812,0.524489796,0.211538462,0.832409972,0.541889611,0.24224667
0.146303901,0.081151832,0.630612245,0.980769231,0.084487535,0.743670772,0.799557637
0.103182752,0.002617801,0.375510204,0.980769231,0.250692521,0.195281359,0.33432913
0.872176591,0.028795812,0.442857143,0.211538462,0.915512465,0.438108234,0.142284013
0.117556468,0.028795812,0.451020408,0.980769231,0.084487535,0.618271268,0.782265246
0.119609856,0.002617801,0.614285714,0.403846154,0.250692521,0.377455381,0.355907776
0.944558522,0.028795812,0.581632653,0.211538462,0.915512465,0.546917083,0.234969695
0.136036961,0.081151832,0.483673469,0.980769231,0.167590028,0.618091715,0.739177893
0.082135524,0.002617801,0.351020408,0.403846154,0.167590028,0.227169893,0.223773228
0.896817248,0.028795812,0.524489796,0.211538462,0.915512465,0.504111754,0.229464089
0.136036961,0.028795812,0.475510204,0.980769231,0.084487535,0.649800697,0.793353058
0.119609856,0.002617801,0.524489796,0.403846154,0.250692521,0.327683413,0.30245448
0.924024641,0.028795812,0.524489796,0.211538462,0.998614958,0.521025604,0.213856893
0.133983573,0.028795812,0.375510204,0.980769231,0.084487535,0.591302474,0.735213857
0.073921971,0.002617801,0.26122449,0.403846154,0.084487535,0.22558983,0.213282395
0.896817248,0.028795812,0.516326531,0.211538462,0.832409972,0.537293066,0.237554936
0.14835729,0.054973822,0.532653061,0.980769231,0.167590028,0.679678242,0.798351191
0.099075975,0.002617801,0.424489796,0.403846154,0.250692521,0.247926168,0.242007296
0.892710472,0.028795812,0.467346939,0.211538462,0.832409972,0.496786009,0.21007478
0.156570842,0.081151832,0.630612245,0.980769231,0.084487535,0.706575215,0.789503921
0.099075975,0.002617801,0.391836735,0.980769231,0.250692521,0.227349445,0.370982104
0.888603696,0.028795812,0.483673469,0.211538462,0.915512465,0.466980285,0.16492881
0.119609856,0.081151832,0.342857143,0.980769231,0.084487535,0.561784034,0.71085514
0.075975359,0.002617801,0.367346939,0.403846154,0.250692521,0.237117104,0.258293066
0.909137577,0.028795812,0.606122449,0.211538462,0.832409972,0.582468489,0.284328651
0.164784394,0.081151832,0.532653061,0.980769231,0.167590028,0.662369376,0.780599201
0.099075975,0.002617801,0.524489796,0.403846154,0.250692521,0.286781341,0.284070543
0.911190965,0.028795812,0.4,0.211538462,0.832409972,0.455919848,0.169955668
0.117556468,0.028795812,0.326530612,0.980769231,0.167590028,0.520917873,0.705569758
0.075975359,0.002617801,0.524489796,0.403846154,0.084487535,0.356016806,0.349113712
0.934291581,0.028795812,0.614285714,0.211538462,0.915512465,0.570438467,0.232671703
0.127823409,0.028795812,0.342857143,0.980769231,0.084487535,0.568068374,0.729239077
0.075975359,0.002617801,0.351020408,0.403846154,0.084487535,0.245699716,0.223973054
0.888603696,0.028795812,0.508163265,0.211538462,0.915512465,0.486336051,0.208830035
0.129876797,0.028795812,0.467346939,0.980769231,0.084487535,0.619635867,0.777899061
0.11550308,0.002617801,0.475510204,0.980769231,0.333795014,0.272129852,0.411484216
0.919917864,0.028795812,0.597959184,0.211538462,0.915512465,0.541602327,0.215484637
0.138090349,0.054973822,0.408163265,0.980769231,0.084487535,0.606528531,0.735730905
0.078028747,0.002617801,0.467346939,0.980769231,0.250692521,0.275289977,0.417286646
0.921971253,0.028795812,0.491836735,0.211538462,0.998614958,0.514166697,0.21610701
0.129876797,0.028795812,0.27755102,0.980769231,0.084487535,0.535605272,0.715451125
0.092402464,0.002617801,0.467346939,0.403846154,0.250692521,0.272345315,0.290415
0.932238193,0.028795812,0.508163265,0.211538462,0.832409972,0.542607821,0.242055171
0.167351129,0.081151832,0.557142857,0.980769231,0.084487535,0.695407046,0.785884583
0.10523614,0.002617801,0.342857143,0.403846154,0.084487535,0.245663806,0.237860919
0.89476386,0.028795812,0.483673469,0.211538462,0.915512465,0.482529536,0.198010322
0.129876797,0.081151832,0.424489796,0.019230769,0.084487535,0.626997522,0.493361675
0.099075975,0.002617801,0.416326531,0.403846154,0.084487535,0.328114339,0.293462337
0.921971253,0.028795812,0.565306122,0.211538462,0.832409972,0.552914138,0.255795249
0.140143737,0.081151832,0.442857143,0.980769231,0.084487535,0.621431393,0.744980323
0.0862423,0.002617801,0.383673469,0.403846154,0.250692521,0.230042734,0.2408583
0.900924025,0.028795812,0.573469388,0.211538462,0.915512465,0.5298955,0.249619395
0.14835729,0.028795812,0.565306122,0.980769231,0.084487535,0.69152871,0.832935972
0.138090349,0.002617801,0.516326531,0.403846154,0.167590028,0.351240708,0.30834933
0.909137577,0.028795812,0.442857143,0.211538462,0.832409972,0.470391784,0.174025029
0.123716632,0.081151832,0.516326531,0.019230769,0.084487535,0.636908823,0.507149628
0.117556468,0.002617801,0.491836735,0.403846154,0.250692521,0.273925378,0.283321198
0.911190965,0.028795812,0.516326531,0.211538462,0.998614958,0.512155708,0.213378144
0.146303901,0.054973822,0.540816327,0.980769231,0.084487535,0.715732395,0.811507196
0.10523614,0.002617801,0.557142857,0.403846154,0.250692521,0.317125723,0.298707754
0.902977413,0.028795812,0.614285714,0.211538462,0.998614958,0.52282113,0.215341012
0.119609856,0.054973822,0.293877551,0.019230769,0.084487535,0.522354293,0.411001637
0.084188912,0.002617801,0.491836735,0.980769231,0.250692521,0.264409093,0.435498233
0.930184805,0.028795812,0.589795918,0.211538462,0.998614958,0.58254031,0.267524584
0.171457906,0.081151832,0.573469388,0.980769231,0.084487535,0.694006536,0.79272111
0.097022587,0.002617801,0.459183673,0.980769231,0.250692521,0.257622006,0.403039095
0.896817248,0.028795812,0.451020408,0.211538462,0.915512465,0.478902575,0.187142734
0.123716632,0.081151832,0.573469388,0.980769231,0.084487535,0.705031063,0.807658059
0.11550308,0.002617801,0.491836735,0.403846154,0.333795014,0.27335081,0.272730452
0.905030801,0.028795812,0.383673469,0.211538462,0.749307479,0.468775811,0.182115876
0.138090349,0.081151832,0.573469388,0.980769231,0.084487535,0.683197472,0.791399764
0.103182752,0.002617801,0.432653061,0.403846154,0.250692521,0.267281933,0.255245729
0.898870637,0.028795812,0.391836735,0.211538462,0.832409972,0.454303875,0.171679162
0.113449692,0.028795812,0.334693878,0.019230769,0.084487535,0.549071713,0.449240226
0.090349076,0.002617801,0.573469388,0.403846154,0.250692521,0.342981291,0.344267946
0.944558522,0.028795812,0.663265306,0.211538462,0.832409972,0.618917657,0.291605626
0.14835729,0.081151832,0.532653061,0.980769231,0.167590028,0.648543829,0.751184902
0.075975359,0.002617801,0.302040816,0.403846154,0.250692521,0.162279599,0.179112251
0.868069815,0.028795812,0.391836735,0.211538462,0.832409972,0.438251876,0.173306906
0.129876797,0.028795812,0.375510204,0.980769231,0.084487535,0.580960247,0.750035906
0.103182752,0.002617801,0.589795918,0.403846154,0.250692521,0.325313319,0.329131172
0.94661191,0.028795812,0.704081633,0.211538462,0.915512465,0.623370561,0.306542575
0.146303901,0.028795812,0.416326531,0.019230769,0.084487535,0.582827594,0.475253497
0.084188912,0.002617801,0.383673469,0.403846154,0.167590028,0.240205408,0.231316637
0.888603696,0.028795812,0.459183673,0.211538462,0.832409972,0.469565842,0.195664455
0.125770021,0.081151832,0.467346939,0.019230769,0.084487535,0.609149998,0.482698992
0.097022587,0.002617801,0.589795918,0.403846154,0.250692521,0.31062592,0.323935711
0.930184805,0.028795812,0.548979592,0.211538462,0.915512465,0.53337882,0.223623359
0.129876797,0.028795812,0.342857143,0.019230769,0.084487535,0.556828384,0.447172033
0.067761807,0.002617801,0.375510204,0.403846154,0.250692521,0.262685388,0.243356118
0.911190965,0.028795812,0.483673469,0.211538462,0.832409972,0.527381765,0.238033685
0.133983573,0.028795812,0.424489796,0.980769231,0.084487535,0.589866054,0.742912131
0.084188912,0.002617801,0.4,0.403846154,0.001385042,0.294286638,0.263188789
0.911190965,0.028795812,0.424489796,0.211538462,0.832409972,0.481775416,0.185945863
0.136036961,0.081151832,0.565306122,0.019230769,0.084487535,0.672962976,0.525073967
0.101129363,0.002617801,0.351020408,0.403846154,0.084487535,0.287248178,0.255745293
0.898870637,0.028795812,0.712244898,0.211538462,0.998614958,0.575609581,0.254550503
0.160677618,0.081151832,0.467346939,0.019230769,0.084487535,0.643193163,0.474839859
0.075975359,0.002617801,0.375510204,0.403846154,0.250692521,0.202571193,0.221325367
0.890657084,0.028795812,0.524489796,0.211538462,0.998614958,0.501562107,0.211702525
0.146303901,0.028795812,0.532653061,0.980769231,0.084487535,0.67109563,0.831384828
0.127823409,0.002617801,0.432653061,0.980769231,0.250692521,0.294861206,0.417229196
0.919917864,0.028795812,0.516326531,0.211538462,0.832409972,0.523359787,0.201983933
0.127823409,0.028795812,0.516326531,0.980769231,0.084487535,0.655438647,0.781173699
0.103182752,0.002617801,0.442857143,0.403846154,0.333795014,0.264768198,0.252897781
0.892710472,0.028795812,0.432653061,0.211538462,0.832409972,0.484360972,0.198632695
0.127823409,0.081151832,0.483673469,0.980769231,0.084487535,0.647502424,0.791916813
0.10523614,0.002617801,0.475510204,0.403846154,0.084487535,0.348619241,0.307999635
0.921971253,0.028795812,0.532653061,0.211538462,0.915512465,0.495960068,0.169668419
0.107289528,0.028795812,0.375510204,0.019230769,0.084487535,0.573167666,0.442576049
0.078028747,0.002617801,0.334693878,0.403846154,0.250692521,0.210399684,0.222724145
0.890657084,0.028795812,0.62244898,0.211538462,0.998614958,0.547563472,0.248901273
0.15862423,0.028795812,0.383673469,0.980769231,0.167590028,0.590476532,0.743716428
0.090349076,0.002617801,0.432653061,0.403846154,0.250692521,0.279527418,0.273979361
0.924024641,0.028795812,0.516326531,0.211538462,0.915512465,0.522497935,0.214144142
0.144250513,0.081151832,0.5,0.980769231,0.084487535,0.644773225,0.759572573
0.094969199,0.002617801,0.508163265,0.403846154,0.250692521,0.311882788,0.287217793
0.907084189,0.028795812,0.483673469,0.211538462,0.998614958,0.489208891,0.184701117
0.117556468,0.028795812,0.351020408,0.980769231,0.084487535,0.553919632,0.692873352
0.080082136,0.002617801,0.342857143,0.403846154,0.250692521,0.217258592,0.239559435
0.905030801,0.028795812,0.565306122,0.211538462,0.998614958,0.516572701,0.207824663
0.125770021,0.028795812,0.475510204,0.019230769,0.084487535,0.633281862,0.499750093
0.099075975,0.002617801,0.5,0.403846154,0.250692521,0.320680863,0.289765567
0.909137577,0.028795812,0.573469388,0.211538462,0.832409972,0.537472618,0.230421586
0.136036961,0.081151832,0.432653061,0.980769231,0.084487535,0.616152548,0.727458133
0.082135524,0.002617801,0.459183673,0.403846154,0.250692521,0.250439904,0.266385995
0.911190965,0.028795812,0.459183673,0.211538462,0.915512465,0.474808777,0.184844742
0.117556468,0.028795812,0.432653061,0.019230769,0.084487535,0.610586419,0.495200069
0.11550308,0.002617801,0.597959184,0.403846154,0.250692521,0.365676734,0.352860438
0.94661191,0.028795812,0.62244898,0.211538462,0.998614958,0.559844867,0.219745497
0.11550308,0.028795812,0.26122449,0.980769231,0.084487535,0.519194168,0.708786947
0.080082136,0.002617801,0.375510204,0.980769231,0.250692521,0.215319424,0.374429093
0.900924025,0.028795812,0.451020408,0.211538462,0.832409972,0.48910116,0.209787531
0.150410678,0.081151832,0.597959184,0.980769231,0.084487535,0.757711782,0.843564186
0.129876797,0.002617801,0.483673469,0.980769231,0.250692521,0.273494452,0.407807428
0.896817248,0.028795812,0.383673469,0.211538462,0.998614958,0.435486767,0.148316242
0.10523614,0.081151832,0.4,0.980769231,0.084487535,0.603009301,0.7518743
0.092402464,0.002617801,0.416326531,0.403846154,0.250692521,0.283369842,0.289515786
0.940451745,0.028795812,0.573469388,0.211538462,0.998614958,0.552160017,0.238608183
0.154517454,0.081151832,0.432653061,0.980769231,0.084487535,0.630947678,0.744405825
0.080082136,0.002617801,0.467346939,0.403846154,0.167590028,0.299170467,0.286118754
0.905030801,0.028795812,0.475510204,0.211538462,0.915512465,0.487485187,0.181972252
0.119609856,0.054973822,0.342857143,0.019230769,0.167590028,0.536072108,0.420101686
0.082135524,0.002617801,0.475510204,0.403846154,0.250692521,0.277085503,0.296759456
0.938398357,0.028795812,0.614285714,0.211538462,0.998614958,0.567493805,0.250337518
0.162731006,0.081151832,0.516326531,0.019230769,0.084487535,0.662405286,0.501956166
0.082135524,0.002617801,0.475510204,0.403846154,0.250692521,0.290408303,0.277076654
0.909137577,0.028795812,0.442857143,0.211538462,0.998614958,0.482457715,0.171296163
0.117556468,0.028795812,0.244897959,0.980769231,0.167590028,0.499838403,0.708557148
0.092402464,0.002617801,0.451020408,0.403846154,0.250692521,0.2839085,0.297308976
0.930184805,0.028795812,0.614285714,0.211538462,0.915512465,0.567601537,0.247465027
0.14835729,0.081151832,0.557142857,0.980769231,0.084487535,0.698710813,0.811794445
0.121663244,0.002617801,0.524489796,0.403846154,0.333795014,0.339246597,0.314294135
0.905030801,0.028795812,0.416326531,0.211538462,0.998614958,0.445757173,0.150422735
0.11550308,0.081151832,0.416326531,0.980769231,0.084487535,0.625920207,0.755551087
0.097022587,0.002617801,0.424489796,0.403846154,0.167590028,0.296405358,0.289515786
0.911190965,0.028795812,0.565306122,0.211538462,0.915512465,0.529608216,0.223288235
0.133983573,0.028795812,0.383673469,0.980769231,0.084487535,0.587819155,0.75761928
0.101129363,0.002617801,0.391836735,0.403846154,0.250692521,0.244227385,0.246653237
0.907084189,0.028795812,0.565306122,0.211538462,0.915512465,0.550651776,0.25847624
0.167351129,0.028795812,0.5,0.980769231,0.084487535,0.667791863,0.789101772
0.099075975,0.002617801,0.451020408,0.403846154,0.167590028,0.297698136,0.265686606
0.900924025,0.028795812,0.508163265,0.211538462,0.832409972,0.493661795,0.199302942
0.127823409,0.081151832,0.532653061,0.980769231,0.084487535,0.669228283,0.781748198
0.103182752,0.002617801,0.459183673,0.980769231,0.250692521,0.28178978,0.438370724
0.915811088,0.028795812,0.516326531,0.211538462,0.998614958,0.518045032,0.210026906
0.133983573,0.028795812,0.4,0.980769231,0.084487535,0.578805616,0.71682992
0.082135524,0.002617801,0.383673469,0.403846154,0.084487535,0.28530901,0.271431587
0.9137577,0.028795812,0.524489796,0.211538462,0.915512465,0.535856645,0.227022472
0.142197125,0.081151832,0.581632653,0.980769231,0.084487535,0.684202966,0.793525407
0.111396304,0.002617801,0.383673469,0.403846154,0.167590028,0.261069415,0.24030878
0.882443532,0.028795812,0.442857143,0.211538462,0.998614958,0.465651596,0.171439788
0.119609856,0.028795812,0.367346939,0.980769231,0.084487535,0.565626459,0.753482894
0.092402464,0.002617801,0.475510204,0.980769231,0.250692521,0.286170862,0.433832189
0.915811088,0.028795812,0.679591837,0.211538462,0.915512465,0.612130571,0.310420437
0.164784394,0.081151832,0.483673469,0.019230769,0.084487535,0.641361727,0.501956166
0.107289528,0.002617801,0.342857143,0.403846154,0.001385042,0.289223256,0.245903891
0.902977413,0.028795812,0.4,0.211538462,0.915512465,0.45394477,0.159997702
0.107289528,0.081151832,0.467346939,0.980769231,0.084487535,0.631306783,0.774049924
0.101129363,0.002617801,0.548979592,0.403846154,0.250692521,0.320214027,0.313295008
0.928131417,0.028795812,0.508163265,0.211538462,0.998614958,0.499730671,0.1898716
0.111396304,0.028795812,0.451020408,0.980769231,0.084487535,0.602434733,0.751242352
0.0862423,0.002617801,0.383673469,0.403846154,0.084487535,0.296118074,0.277626174
0.9137577,0.028795812,0.516326531,0.211538462,0.749307479,0.535713003,0.241289174
0.133983573,0.028795812,0.424489796,0.980769231,0.084487535,0.604625274,0.761296068
0.099075975,0.002617801,0.524489796,0.403846154,0.250692521,0.286386325,0.282921547
0.907084189,0.028795812,0.432653061,0.211538462,0.749307479,0.485079183,0.194419709
0.11550308,0.028795812,0.334693878,0.980769231,0.084487535,0.555966531,0.717232068
0.088295688,0.002617801,0.351020408,0.403846154,0.250692521,0.204330808,0.227569911
0.89476386,0.028795812,0.475510204,0.211538462,0.832409972,0.513592128,0.231426957
0.15862423,0.028795812,0.557142857,0.980769231,0.084487535,0.688045391,0.797604343
0.109342916,0.002617801,0.342857143,0.403846154,0.084487535,0.257119259,0.24880136
0.892710472,0.028795812,0.532653061,0.211538462,0.998614958,0.503034438,0.201409435
0.11550308,0.028795812,0.383673469,0.980769231,0.084487535,0.595288541,0.733145664
0.080082136,0.002617801,0.302040816,0.403846154,0.084487535,0.222716989,0.227370085
0.886550308,0.028795812,0.483673469,0.211538462,0.915512465,0.478974396,0.198967819
0.119609856,0.028795812,0.459183673,0.980769231,0.084487535,0.656192768,0.829029386
0.113449692,0.002617801,0.391836735,0.403846154,0.084487535,0.323086868,0.271631412
0.911190965,0.028795812,0.451020408,0.211538462,0.915512465,0.479548964,0.180200883
0.113449692,0.028795812,0.302040816,0.980769231,0.084487535,0.525837613,0.697928935
0.067761807,0.002617801,0.367346939,0.403846154,0.167590028,0.270729342,0.287517532
0.915811088,0.028795812,0.532653061,0.211538462,0.749307479,0.546091141,0.249380021
0.150410678,0.054973822,0.581632653,0.980769231,0.084487535,0.742377994,0.838566053
0.127823409,0.002617801,0.516326531,0.403846154,0.167590028,0.339497971,0.304053084
0.919917864,0.028795812,0.475510204,0.211538462,0.915512465,0.490932596,0.179817884
0.097022587,0.028795812,0.236734694,0.019230769,0.084487535,0.485474198,0.390595467
0.073921971,0.997382199,0.508163265,0.403846154,0.084487535,0.328114339,0.33462637
0.942505133,0.028795812,0.581632653,0.211538462,0.832409972,0.57765648,0.270301324
0.154517454,0.081151832,0.508163265,0.980769231,0.084487535,0.655438647,0.779622555
0.094969199,0.002617801,0.342857143,0.403846154,0.167590028,0.240097677,0.23251559
0.905030801,0.028795812,0.606122449,0.211538462,0.998614958,0.5439006,0.241337048
0.138090349,0.028795812,0.432653061,0.980769231,0.084487535,0.602003807,0.759687473
0.094969199,0.002617801,0.293877551,0.403846154,0.084487535,0.25015262,0.233764498
0.888603696,0.028795812,0.432653061,0.211538462,0.832409972,0.49542141,0.221325367
0.140143737,0.028795812,0.712244898,0.980769231,0.084487535,0.779473552,0.870910292
0.127823409,0.002617801,0.475510204,0.403846154,0.084487535,0.323086868,0.283071416
0.886550308,0.028795812,0.475510204,0.211538462,0.832409972,0.454160233,0.166700179
0.109342916,0.028795812,0.318367347,0.980769231,0.084487535,0.531583294,0.705512309
0.088295688,0.002617801,0.459183673,0.980769231,0.250692521,0.282723453,0.458650504
0.94661191,0.028795812,0.606122449,0.211538462,0.832409972,0.579523827,0.274035561
0.15862423,0.081151832,0.62244898,0.980769231,0.084487535,0.70837074,0.811392296
0.119609856,0.002617801,0.432653061,0.403846154,0.250692521,0.256760154,0.25249813
0.907084189,0.028795812,0.597959184,0.211538462,0.915512465,0.55097497,0.230613085
0.125770021,0.054973822,0.351020408,0.980769231,0.084487535,0.56709879,0.717978916
0.071868583,0.002617801,0.408163265,0.403846154,0.250692521,0.222429705,0.236811836
0.900924025,0.028795812,0.540816327,0.211538462,0.998614958,0.49825834,0.204138301
0.129876797,0.028795812,0.375510204,0.019230769,0.084487535,0.580888426,0.47745957
0.088295688,0.002617801,0.565306122,0.403846154,0.167590028,0.345100011,0.348414323
0.944558522,0.028795812,0.614285714,0.211538462,0.915512465,0.587065034,0.259529486
0.129876797,0.028795812,0.467346939,0.980769231,0.167590028,0.627787553,0.779622555
0.088295688,0.002617801,0.367346939,0.403846154,0.250692521,0.2220706,0.204240295
0.872176591,0.028795812,0.432653061,0.211538462,0.915512465,0.455524832,0.176753895
0.121663244,0.081151832,0.367346939,0.980769231,0.084487535,0.608036772,0.772441329
0.111396304,0.002617801,0.516326531,0.403846154,0.333795014,0.30150465,0.296409762
0.926078029,0.028795812,0.524489796,0.211538462,0.832409972,0.539519517,0.240810425
0.138090349,0.028795812,0.467346939,0.980769231,0.084487535,0.624519697,0.76049177
0.080082136,0.002617801,0.253061224,0.403846154,0.084487535,0.233346501,0.220126415
0.905030801,0.028795812,0.424489796,0.211538462,0.832409972,0.474054656,0.198919944
0.142197125,0.028795812,0.383673469,0.980769231,0.084487535,0.576579165,0.734064861
0.082135524,0.002617801,0.424489796,0.403846154,0.167590028,0.300032319,0.304502691
0.926078029,0.028795812,0.606122449,0.211538462,0.915512465,0.564010486,0.234538822
0.133983573,0.028795812,0.334693878,0.980769231,0.084487535,0.561353108,0.710625341
0.057494867,0.002617801,0.442857143,0.403846154,0.250692521,0.264516824,0.28836679
0.915811088,0.028795812,0.614285714,0.211538462,0.915512465,0.570007541,0.255747374
0.154517454,0.028795812,0.285714286,0.980769231,0.167590028,0.521815635,0.694539396
0.080082136,0.002617801,0.5,0.980769231,0.250692521,0.26706647,0.441990061
0.924024641,0.028795812,0.695918367,0.211538462,0.915512465,0.605918052,0.286339394
0.164784394,0.081151832,0.655102041,0.980769231,0.084487535,0.764391137,0.829661333
0.117556468,0.002617801,0.383673469,0.980769231,0.250692521,0.217294502,0.356906903
0.870123203,0.028795812,0.424489796,0.211538462,0.915512465,0.455273459,0.173498406
0.138090349,0.081151832,0.491836735,0.980769231,0.084487535,0.672639782,0.770602936
0.094969199,0.002617801,0.442857143,0.980769231,0.250692521,0.245987,0.39281303
0.902977413,0.028795812,0.606122449,0.211538462,0.998614958,0.550508134,0.256513371
0.156570842,0.081151832,0.524489796,0.980769231,0.084487535,0.680288721,0.781231149
0.092402464,0.002617801,0.375510204,0.403846154,0.084487535,0.276259561,0.238460395
0.898870637,0.028795812,0.432653061,0.211538462,0.832409972,0.471109994,0.194084585
0.127823409,0.054973822,0.573469388,0.019230769,0.084487535,0.67389665,0.532335622
0.103182752,0.002617801,0.459183673,0.403846154,0.250692521,0.310913204,0.299257274
0.909137577,0.028795812,0.483673469,0.211538462,0.832409972,0.497647862,0.203132929
0.133983573,0.081151832,0.565306122,0.980769231,0.084487535,0.680504184,0.791457214
0.101129363,0.002617801,0.375510204,0.403846154,0.250692521,0.256329228,0.251099352
0.911190965,0.028795812,0.516326531,0.211538462,0.749307479,0.5432183,0.254406879
0.146303901,0.081151832,0.467346939,0.980769231,0.084487535,0.642690415,0.757389481
0.084188912,0.002617801,0.342857143,0.403846154,0.250692521,0.214996229,0.218078204
0.892710472,0.028795812,0.424489796,0.211538462,0.832409972,0.483211836,0.197148575
0.129876797,0.081151832,0.491836735,0.980769231,0.084487535,0.638237512,0.758366128
0.092402464,0.002617801,0.424489796,0.403846154,0.333795014,0.230617302,0.245853935
0.902977413,0.028795812,0.5,0.211538462,0.998614958,0.513233023,0.219793372
0.171457906,0.081151832,0.787755102,0.980769231,0.084487535,0.856357956,0.885100394
0.123716632,0.002617801,0.391836735,0.980769231,0.250692521,0.216971308,0.326860656
0.855749487,0.028795812,0.391836735,0.211538462,0.915512465,0.415556433,0.142092513
0.101129363,0.028795812,0.334693878,0.980769231,0.084487535,0.537364887,0.716600121
0.078028747,0.002617801,0.391836735,0.403846154,0.084487535,0.276798219,0.266385995
0.926078029,0.028795812,0.62244898,0.211538462,0.998614958,0.567170611,0.264364845
0.15862423,0.081151832,0.62244898,0.980769231,0.084487535,0.740762021,0.822709907
0.10523614,0.002617801,0.383673469,0.980769231,0.250692521,0.234316084,0.362192284
0.888603696,0.028795812,0.342857143,0.211538462,0.832409972,0.42518045,0.14750237
0.103182752,0.054973822,0.442857143,0.019230769,0.084487535,0.577405106,0.487157096
0.090349076,0.002617801,0.432653061,0.403846154,0.167590028,0.299206378,0.294511421
0.921971253,0.028795812,0.589795918,0.211538462,0.998614958,0.546378425,0.228889591
0.133983573,0.028795812,0.4,0.980769231,0.167590028,0.578841527,0.752736047
0.10523614,0.002617801,0.606122449,0.980769231,0.333795014,0.317915754,0.462097492
0.917864476,0.028795812,0.532653061,0.211538462,0.998614958,0.514813086,0.209596032
0.129876797,0.081151832,0.442857143,0.980769231,0.084487535,0.612346034,0.736879901
0.090349076,0.002617801,0.269387755,0.403846154,0.167590028,0.175566488,0.188554001
0.878336756,0.028795812,0.391836735,0.211538462,0.915512465,0.455237548,0.185562864
0.142197125,0.028795812,0.432653061,0.019230769,0.084487535,0.597802277,0.482469193
0.11550308,0.002617801,0.475510204,0.403846154,0.250692521,0.307214422,0.309198588
0.924024641,0.028795812,0.524489796,0.211538462,0.832409972,0.543074658,0.230325836
0.125770021,0.028795812,0.310204082,0.980769231,0.084487535,0.54109958,0.711544538
0.075975359,0.002617801,0.408163265,0.403846154,0.250692521,0.253743671,0.24660328
0.9137577,0.028795812,0.524489796,0.211538462,0.998614958,0.54041728,0.238225184
0.146303901,0.081151832,0.442857143,0.980769231,0.084487535,0.630983589,0.765547353
0.10523614,0.002617801,0.442857143,0.403846154,0.167590028,0.287499551,0.277076654
0.909137577,0.028795812,0.475510204,0.211538462,0.832409972,0.516249506,0.22333611
0.144250513,0.081151832,0.432653061,0.980769231,0.084487535,0.598771861,0.729009278
0.080082136,0.002617801,0.351020408,0.980769231,0.250692521,0.201422056,0.367362767
0.900924025,0.028795812,0.679591837,0.211538462,0.915512465,0.577225554,0.267716083
0.154517454,0.054973822,0.459183673,0.980769231,0.084487535,0.655366826,0.787263379
0.10523614,0.002617801,0.391836735,0.403846154,0.250692521,0.249793515,0.221125542
0.880390144,0.028795812,0.432653061,0.211538462,0.915512465,0.465795238,0.173163282
0.111396304,0.028795812,0.383673469,0.980769231,0.084487535,0.565482817,0.730617873
0.117556468,0.002617801,0.524489796,0.980769231,0.250692521,0.310482278,0.476172694
0.940451745,0.028795812,0.589795918,0.211538462,0.915512465,0.582396668,0.263838221
0.14835729,0.028795812,0.383673469,0.980769231,0.084487535,0.600423744,0.743716428
0.082135524,0.002617801,0.483673469,0.980769231,0.250692521,0.27690595,0.43055755
0.924024641,0.028795812,0.565306122,0.211538462,0.998614958,0.528099975,0.21017053
0.11550308,0.028795812,0.375510204,0.980769231,0.084487535,0.576902359,0.740326889
0.092402464,0.002617801,0.491836735,0.980769231,0.250692521,0.299098646,0.457558958
0.924024641,0.028795812,0.62244898,0.211538462,0.915512465,0.587926886,0.256944245
0.162731006,0.081151832,0.663265306,0.980769231,0.084487535,0.742413905,0.826271795
0.125770021,0.002617801,0.4,0.403846154,0.333795014,0.214960319,0.211633835
0.880390144,0.028795812,0.630612245,0.211538462,0.998614958,0.518942795,0.219410374
0.127823409,0.054973822,0.475510204,0.019230769,0.084487535,0.632132725,0.496578864
0.092402464,0.002617801,0.597959184,0.403846154,0.250692521,0.378712249,0.372243502
0.942505133,0.028795812,0.720408163,0.211538462,0.998614958,0.616619384,0.288158638
0.14835729,0.028795812,0.367346939,0.980769231,0.084487535,0.578590153,0.705569758
0.057494867,0.002617801,0.26122449,0.403846154,0.084487535,0.19255216,0.195298108
0.886550308,0.028795812,0.540816327,0.211538462,0.832409972,0.532337415,0.256130373
0.152464066,0.028795812,0.516326531,0.980769231,0.084487535,0.665457679,0.797029845
0.119609856,0.002617801,0.508163265,0.403846154,0.333795014,0.323445973,0.28986548
0.921971253,0.028795812,0.565306122,0.211538462,0.915512465,0.535174346,0.223479735
0.138090349,0.028795812,0.432653061,0.980769231,0.084487535,0.597048156,0.729468877
0.082135524,0.002617801,0.391836735,0.980769231,0.250692521,0.213847093,0.367764915
0.896817248,0.028795812,0.524489796,0.211538462,0.998614958,0.499299745,0.205095798
0.133983573,0.081151832,0.516326531,0.019230769,0.084487535,0.673609365,0.517214834
0.101129363,0.002617801,0.416326531,0.980769231,0.250692521,0.250799009,0.385287105
0.902977413,0.028795812,0.516326531,0.211538462,0.832409972,0.525550329,0.23937418
0.14835729,0.081151832,0.532653061,0.980769231,0.084487535,0.66833052,0.786573981
0.094969199,0.002617801,0.532653061,0.403846154,0.250692521,0.309728157,0.291314214
0.911190965,0.028795812,0.483673469,0.211538462,0.915512465,0.49682192,0.199159318
0.117556468,0.028795812,0.391836735,0.980769231,0.084487535,0.572377635,0.73429466
0.097022587,0.002617801,0.442857143,0.980769231,0.250692521,0.240995439,0.39844311
0.909137577,0.028795812,0.524489796,0.211538462,0.832409972,0.523934356,0.217830504
0.125770021,0.028795812,0.351020408,0.980769231,0.084487535,0.55305778,0.718668314
0.092402464,0.002617801,0.467346939,0.980769231,0.250692521,0.263619061,0.41895269
0.9137577,0.028795812,0.589795918,0.211538462,0.998614958,0.531726936,0.223719109
0.136036961,0.028795812,0.424489796,0.980769231,0.084487535,0.606241247,0.729239077
0.080082136,0.002617801,0.310204082,0.403846154,0.167590028,0.209932847,0.213232438
0.886550308,0.028795812,0.383673469,0.211538462,0.749307479,0.459367257,0.188961978
0.133983573,0.081151832,0.424489796,0.980769231,0.084487535,0.617229863,0.760836469
0.090349076,0.002617801,0.483673469,0.403846154,0.167590028,0.312816461,0.29561046
0.924024641,0.028795812,0.516326531,0.211538462,0.832409972,0.50457859,0.21026628
0.111396304,0.081151832,0.310204082,0.980769231,0.084487535,0.547024814,0.699480079
0.051334702,0.002617801,0.391836735,0.403846154,0.001385042,0.300319604,0.289515786
0.926078029,0.028795812,0.475510204,0.211538462,0.832409972,0.528997738,0.224868105
0.131930185,0.028795812,0.253061224,0.980769231,0.084487535,0.512945739,0.695228794
0.080082136,0.002617801,0.375510204,0.980769231,0.250692521,0.229288613,0.395225921
0.924024641,0.028795812,0.442857143,0.211538462,0.915512465,0.50594319,0.205766045
0.133983573,0.028795812,0.416326531,0.980769231,0.084487535,0.636334255,0.796972395
0.10523614,0.002617801,0.516326531,0.403846154,0.001385042,0.397457536,0.352960351
0.942505133,0.028795812,0.475510204,0.211538462,0.998614958,0.517290911,0.189488601
0.123716632,0.081151832,0.424489796,0.980769231,0.084487535,0.617265774,0.732686066
0.075975359,0.002617801,0.383673469,0.980769231,0.250692521,0.202858477,0.359951742
0.890657084,0.028795812,0.491836735,0.211538462,0.915512465,0.489352533,0.193940961
0.127823409,0.081151832,0.475510204,0.980769231,0.084487535,0.649657055,0.78967627
0.111396304,0.002617801,0.459183673,0.403846154,0.250692521,0.318274859,0.307649941
0.926078029,0.028795812,0.467346939,0.211538462,0.832409972,0.525083492,0.221995615
0.138090349,0.081151832,0.4,0.980769231,0.167590028,0.595539915,0.736362853
0.092402464,0.002617801,0.451020408,0.403846154,0.250692521,0.288074119,0.278275607
0.9137577,0.028795812,0.565306122,0.211538462,0.998614958,0.53898086,0.233916449
0.136036961,0.028795812,0.573469388,0.980769231,0.084487535,0.688045391,0.81598828
0.117556468,0.002617801,0.442857143,0.980769231,0.250692521,0.265270945,0.414356706
0.921971253,0.028795812,0.491836735,0.211538462,0.998614958,0.49193809,0.188626854
0.119609856,0.028795812,0.424489796,0.019230769,0.084487535,0.584407656,0.47727573
0.092402464,0.002617801,0.516326531,0.403846154,0.250692521,0.29935002,0.312545663
0.934291581,0.028795812,0.655102041,0.211538462,0.915512465,0.609580924,0.288541637
0.14835729,0.028795812,0.375510204,0.019230769,0.084487535,0.554889216,0.448458909
0.075975359,0.002617801,0.467346939,0.403846154,0.084487535,0.330053507,0.30410304
0.921971253,0.028795812,0.565306122,0.211538462,0.998614958,0.523647071,0.215963385
0.144250513,0.081151832,0.589795918,0.980769231,0.084487535,0.700362696,0.794157355
0.097022587,0.002617801,0.359183673,0.403846154,0.167590028,0.233131037,0.22237445
0.878336756,0.028795812,0.351020408,0.211538462,0.749307479,0.438682802,0.155401718
0.119609856,0.028795812,0.475510204,0.019230769,0.084487535,0.635077387,0.505127395
0.111396304,0.002617801,0.424489796,0.403846154,0.250692521,0.296405358,0.286118754
0.921971253,0.028795812,0.483673469,0.211538462,0.749307479,0.523216145,0.227309721
0.125770021,0.028795812,0.375510204,0.980769231,0.084487535,0.602147449,0.748427312
0.088295688,0.002617801,0.4,0.403846154,0.084487535,0.29302977,0.284869845
0.911190965,0.028795812,0.704081633,0.211538462,0.915512465,0.578877437,0.255843124
0.156570842,0.081151832,0.516326531,0.980769231,0.084487535,0.685064818,0.768247494
0.097022587,0.002617801,0.383673469,0.403846154,0.250692521,0.226559414,0.234114193
0.886550308,0.028795812,0.483673469,0.211538462,0.998614958,0.452616081,0.155305968
0.129876797,0.081151832,0.432653061,0.980769231,0.084487535,0.620389988,0.767558096
0.10523614,0.002617801,0.475510204,0.403846154,0.167590028,0.324128272,0.309947933
0.909137577,0.028795812,0.532653061,0.211538462,0.832409972,0.527274033,0.235352694
0.136036961,0.081151832,0.442857143,0.980769231,0.084487535,0.609365461,0.751472151
0.090349076,0.002617801,0.483673469,0.980769231,0.250692521,0.264373182,0.413954557
0.915811088,0.028795812,0.442857143,0.211538462,0.915512465,0.48981937,0.199829566
0.138090349,0.028795812,0.467346939,0.019230769,0.084487535,0.625022444,0.489730848
0.103182752,0.002617801,0.532653061,0.403846154,0.250692521,0.306101196,0.31039754
0.924024641,0.028795812,0.491836735,0.211538462,0.998614958,0.507918268,0.199063568
0.138090349,0.081151832,0.408163265,0.980769231,0.084487535,0.602183359,0.735213857
0.071868583,0.002617801,0.475510204,0.403846154,0.250692521,0.285416741,0.298108278
0.924024641,0.028795812,0.467346939,0.211538462,0.749307479,0.524616655,0.22194774
0.138090349,0.028795812,0.367346939,0.019230769,0.084487535,0.56146084,0.44809123
0.090349076,0.002617801,0.383673469,0.403846154,0.250692521,0.247818436,0.256494638
0.9137577,0.028795812,0.597959184,0.211538462,0.998614958,0.524365282,0.215245263
0.131930185,0.081151832,0.4,0.980769231,0.084487535,0.589219665,0.746359119
0.094969199,0.002617801,0.4,0.403846154,0.250692521,0.269005638,0.276926785
0.911190965,0.028795812,0.712244898,0.211538462,0.915512465,0.632024994,0.323586017
0.160677618,0.028795812,0.4,0.980769231,0.167590028,0.582719862,0.725102692
0.082135524,0.002617801,0.342857143,0.980769231,0.250692521,0.188099257,0.344670095
0.88449692,0.028795812,0.391836735,0.211538462,0.832409972,0.447911804,0.176753895
0.121663244,0.028795812,0.391836735,0.980769231,0.084487535,0.590907459,0.768821992
0.125770021,0.002617801,0.565306122,0.980769231,0.250692521,0.338887492,0.469106368
0.948665298,0.028795812,0.655102041,0.211538462,0.998614958,0.614285201,0.288733136
0.171457906,0.081151832,0.606122449,0.980769231,0.084487535,0.739576974,0.799040588
0.094969199,0.002617801,0.244897959,0.403846154,0.250692521,0.143642044,0.13764848
0.843429158,0.028795812,0.26122449,0.211538462,0.832409972,0.352030739,0.114899606
0.111396304,0.081151832,0.467346939,0.019230769,0.084487535,0.636118792,0.522592135
0.11550308,0.002617801,0.565306122,0.403846154,0.250692521,0.375911229,0.344717553
0.94661191,0.028795812,0.597959184,0.211538462,0.832409972,0.586275003,0.258715614
0.154517454,0.028795812,0.432653061,0.980769231,0.084487535,0.605343484,0.733605262
0.078028747,0.002617801,0.4,0.403846154,0.167590028,0.25647287,0.256094987
0.898870637,0.028795812,0.679591837,0.211538462,0.998614958,0.584228104,0.285094649
0.173511294,0.028795812,0.491836735,0.980769231,0.084487535,0.644198657,0.76928159
0.092402464,0.002617801,0.408163265,0.403846154,0.250692521,0.260315294,0.255995074
0.900924025,0.028795812,0.5,0.211538462,0.832409972,0.519876468,0.228171469
0.136036961,0.028795812,0.491836735,0.980769231,0.084487535,0.616798937,0.749116709
0.103182752,0.002617801,0.483673469,0.403846154,0.250692521,0.273530362,0.284969758
0.926078029,0.028795812,0.483673469,0.211538462,0.832409972,0.510503824,0.212755771
0.129876797,0.081151832,0.451020408,0.980769231,0.084487535,0.615829353,0.764111108
0.103182752,0.002617801,0.432653061,0.403846154,0.167590028,0.297841778,0.27767613
0.911190965,0.028795812,0.62244898,0.211538462,0.832409972,0.574532266,0.278344297
0.154517454,0.081151832,0.516326531,0.980769231,0.084487535,0.653822674,0.769626289
0.090349076,0.002617801,0.391836735,0.980769231,0.250692521,0.211692462,0.353000316
0.88449692,0.028795812,0.442857143,0.211538462,0.998614958,0.454375696,0.171200414
0.127823409,0.028795812,0.442857143,0.980769231,0.084487535,0.636729271,0.785195186
0.11550308,0.002617801,0.483673469,0.980769231,0.250692521,0.29231156,0.432625743
0.911190965,0.028795812,0.565306122,0.211538462,0.915512465,0.540165907,0.213330269
0.125770021,0.028795812,0.432653061,0.980769231,0.084487535,0.606277157,0.747048516
0.092402464,0.002617801,0.451020408,0.403846154,0.250692521,0.267964233,0.270032809
0.898870637,0.028795812,0.524489796,0.211538462,0.998614958,0.524293461,0.227213972
0.140143737,0.081151832,0.475510204,0.980769231,0.084487535,0.634646461,0.753310545
0.090349076,0.002617801,0.375510204,0.403846154,0.167590028,0.256652422,0.25934215
0.911190965,0.028795812,0.589795918,0.211538462,0.998614958,0.54178188,0.23946993
0.150410678,0.054973822,0.614285714,0.980769231,0.084487535,0.722986318,0.801683279
0.094969199,0.002617801,0.4,0.403846154,0.250692521,0.231658707,0.224422661
0.888603696,0.028795812,0.4,0.211538462,0.915512465,0.454591159,0.181254129
0.117556468,0.081151832,0.342857143,0.980769231,0.084487535,0.56498007,0.715910723
0.073921971,0.002617801,0.342857143,0.403846154,0.001385042,0.26491184,0.249101098
0.9137577,0.028795812,0.459183673,0.211538462,0.915512465,0.504722232,0.215101638
0.138090349,0.028795812,0.383673469,0.019230769,0.084487535,0.58254031,0.481963634
0.113449692,0.002617801,0.483673469,0.980769231,0.250692521,0.297698136,0.442851808
0.921971253,0.028795812,0.589795918,0.211538462,0.998614958,0.546845262,0.229559839
0.127823409,0.054973822,0.342857143,0.980769231,0.084487535,0.53477933,0.70511016
0.071868583,0.002617801,0.204081633,0.403846154,0.084487535,0.208173232,0.211933573
0.902977413,0.028795812,0.646938776,0.211538462,0.915512465,0.587172765,0.28610002
0.15862423,0.028795812,0.4,0.980769231,0.167590028,0.588968291,0.749806107
0.101129363,0.002617801,0.342857143,0.403846154,0.084487535,0.243042338,0.227370085
0.888603696,0.028795812,0.391836735,0.211538462,0.832409972,0.448450461,0.172876033
0.117556468,0.028795812,0.383673469,0.980769231,0.084487535,0.576291881,0.750208256
0.090349076,0.002617801,0.475510204,0.403846154,0.250692521,0.293819801,0.294611333
0.936344969,0.028795812,0.565306122,0.211538462,0.832409972,0.572162172,0.261588104
0.150410678,0.028795812,0.557142857,0.019230769,0.084487535,0.660394297,0.531232586
0.088295688,0.002617801,0.424489796,0.403846154,0.084487535,0.296189895,0.266435952
0.892710472,0.028795812,0.408163265,0.211538462,0.915512465,0.465615686,0.175030401
0.109342916,0.028795812,0.367346939,0.980769231,0.084487535,0.563148634,0.728090081
0.071868583,0.002617801,0.408163265,0.403846154,0.250692521,0.271914389,0.271281718
0.921971253,0.028795812,0.557142857,0.211538462,0.915512465,0.541315043,0.253210008
0.14835729,0.028795812,0.451020408,0.980769231,0.084487535,0.620892735,0.765317554
0.092402464,0.002617801,0.432653061,0.403846154,0.167590028,0.298811362,0.29356225
0.926078029,0.028795812,0.540816327,0.211538462,0.915512465,0.53689805,0.236980438
0.133983573,0.028795812,0.334693878,0.980769231,0.084487535,0.573239487,0.738890644
0.082135524,0.002617801,0.5,0.403846154,0.250692521,0.30710669,0.315642957
0.940451745,0.028795812,0.755102041,0.211538462,0.998614958,0.628003016,0.308696943
0.167351129,0.081151832,0.63877551,0.980769231,0.084487535,0.76108737,0.811219947
0.101129363,0.002617801,0.432653061,0.403846154,0.250692521,0.236722089,0.231366593
0.876283368,0.028795812,0.375510204,0.211538462,0.998614958,0.433008942,0.157077337
0.127823409,0.081151832,0.655102041,0.980769231,0.084487535,0.755126225,0.849481516
0.113449692,0.002617801,0.491836735,0.403846154,0.250692521,0.297662226,0.280923293
0.911190965,0.028795812,0.581632653,0.211538462,0.915512465,0.513197113,0.192361091
0.131930185,0.028795812,0.391836735,0.019230769,0.084487535,0.582683952,0.466429207
0.080082136,0.002617801,0.491836735,0.403846154,0.167590028,0.298775452,0.304502691
0.921971253,0.028795812,0.755102041,0.211538462,0.915512465,0.60649262,0.271737569
0.156570842,0.081151832,0.557142857,0.980769231,0.084487535,0.697166661,0.784218539
0.088295688,0.002617801,0.351020408,0.403846154,0.084487535,0.253205013,0.240658475
0.900924025,0.028795812,0.475510204,0.211538462,0.998614958,0.455632564,0.159806203
0.113449692,0.081151832,0.391836735,0.980769231,0.084487535,0.604984379,0.743314279
0.082135524,0.002617801,0.432653061,0.403846154,0.084487535,0.286422236,0.265736563
0.911190965,0.028795812,0.475510204,0.211538462,0.832409972,0.512155708,0.229033216
0.127823409,0.028795812,0.467346939,0.019230769,0.084487535,0.607641757,0.484629305
0.101129363,0.002617801,0.532653061,0.403846154,0.250692521,0.314037419,0.31943964
0.924024641,0.028795812,0.532653061,0.211538462,0.915512465,0.510611556,0.187765107
0.113449692,0.054973822,0.383673469,0.980769231,0.084487535,0.566524222,0.723953695
0.071868583,0.002617801,0.432653061,0.403846154,0.250692521,0.27198621,0.282272115
0.924024641,0.028795812,0.475510204,0.211538462,0.915512465,0.504111754,0.2045213
0.111396304,0.028795812,0.359183673,0.980769231,0.084487535,0.563543649,0.726251688
0.080082136,0.002617801,0.524489796,0.403846154,0.250692521,0.283118469,0.306351076
0.934291581,0.028795812,0.557142857,0.211538462,0.915512465,0.545193378,0.236836814
0.138090349,0.028795812,0.442857143,0.980769231,0.084487535,0.630301289,0.753080746
0.097022587,0.002617801,0.383673469,0.980769231,0.250692521,0.211692462,0.359032545
0.890657084,0.028795812,0.459183673,0.211538462,0.998614958,0.466082522,0.180631756
0.125770021,0.081151832,0.557142857,0.980769231,0.084487535,0.691672352,0.8102433
0.111396304,0.002617801,0.432653061,0.403846154,0.250692521,0.241210902,0.244355245
0.89476386,0.028795812,0.516326531,0.211538462,0.998614958,0.501921212,0.205478796
0.125770021,0.028795812,0.391836735,0.980769231,0.084487535,0.58957877,0.74584207
0.099075975,0.002617801,0.424489796,0.403846154,0.250692521,0.270513879,0.265736563
0.911190965,0.028795812,0.516326531,0.211538462,0.915512465,0.488957518,0.192935589
0.10523614,0.028795812,0.334693878,0.980769231,0.084487535,0.550759507,0.752621147
0.090349076,0.002617801,0.442857143,0.403846154,0.001385042,0.322296836,0.283071416
0.9137577,0.028795812,0.467346939,0.211538462,0.749307479,0.525406687,0.229847088
0.14835729,0.081151832,0.508163265,0.980769231,0.084487535,0.682551083,0.786688881
0.094969199,0.002617801,0.432653061,0.980769231,0.250692521,0.240169498,0.383218912
0.890657084,0.028795812,0.334693878,0.211538462,0.832409972,0.443782095,0.159375329
0.11550308,0.028795812,0.351020408,0.980769231,0.084487535,0.573239487,0.742165283
0.101129363,0.002617801,0.483673469,0.403846154,0.250692521,0.308938126,0.298058322
0.936344969,0.028795812,0.565306122,0.211538462,0.915512465,0.547778935,0.240092303
0.138090349,0.028795812,0.442857143,0.019230769,0.084487535,0.59873595,0.46863528
0.078028747,0.002617801,0.483673469,0.403846154,0.250692521,0.305275254,0.295760329
0.909137577,0.028795812,0.646938776,0.211538462,0.832409972,0.558049341,0.226352225
0.125770021,0.028795812,0.383673469,0.980769231,0.084487535,0.583833088,0.732973315
0.080082136,0.002617801,0.442857143,0.403846154,0.250692521,0.244011922,0.263238745
0.924024641,0.028795812,0.524489796,0.211538462,0.915512465,0.526268539,0.219410374
0.125770021,0.028795812,0.342857143,0.019230769,0.167590028,0.538837218,0.431775486
0.080082136,0.002617801,0.475510204,0.403846154,0.250692521,0.260243473,0.286518405
0.936344969,0.028795812,0.646938776,0.211538462,0.998614958,0.57130032,0.245885158
0.150410678,0.081151832,0.655102041,0.980769231,0.084487535,0.767515352,0.855628644
0.11550308,0.002617801,0.424489796,0.980769231,0.250692521,0.247567063,0.368856462
0.876283368,0.028795812,0.432653061,0.211538462,0.998614958,0.437749129,0.145012878
0.117556468,0.081151832,0.532653061,0.980769231,0.084487535,0.655582289,0.783701491
0.101129363,0.002617801,0.475510204,0.403846154,0.250692521,0.283549395,0.270332547
0.915811088,0.028795812,0.524489796,0.211538462,0.832409972,0.540812296,0.231953581
0.152464066,0.081151832,0.475510204,0.980769231,0.084487535,0.664452185,0.778875707
0.10523614,0.002617801,0.475510204,0.980769231,0.250692521,0.283333932,0.42774251
0.9137577,0.028795812,0.565306122,0.211538462,0.998614958,0.532409236,0.229416214
0.127823409,0.028795812,0.334693878,0.980769231,0.084487535,0.568930226,0.723494097
0.082135524,0.002617801,0.475510204,0.980769231,0.250692521,0.270837074,0.41309281
0.909137577,0.028795812,0.516326531,0.211538462,0.915512465,0.528171796,0.229655588
0.140143737,0.081151832,0.416326531,0.980769231,0.084487535,0.614033828,0.752506248
0.088295688,0.002617801,0.334693878,0.403846154,0.167590028,0.236686178,0.243855681
0.907084189,0.028795812,0.483673469,0.211538462,0.915512465,0.497468309,0.210792903
0.131930185,0.054973822,0.475510204,0.980769231,0.084487535,0.624555607,0.78088645
0.111396304,0.002617801,0.524489796,0.403846154,0.250692521,0.312457356,0.310747235
0.932238193,0.028795812,0.557142857,0.211538462,0.832409972,0.533666104,0.219889122
0.125770021,0.081151832,0.491836735,0.980769231,0.084487535,0.621575035,0.762042915
0.090349076,0.002617801,0.359183673,0.980769231,0.250692521,0.211800194,0.371211904
0.900924025,0.028795812,0.475510204,0.211538462,0.998614958,0.482314073,0.19413246
0.140143737,0.028795812,0.524489796,0.019230769,0.084487535,0.626638417,0.515836038
0.109342916,0.002617801,0.483673469,0.403846154,0.250692521,0.314863361,0.304053084
0.924024641,0.028795812,0.655102041,0.211538462,0.915512465,0.59525263,0.28758414
0.136036961,0.028795812,0.351020408,0.980769231,0.084487535,0.569145689,0.716140522
0.080082136,0.002617801,0.334693878,0.403846154,0.167590028,0.21855137,0.225022137
0.888603696,0.028795812,0.451020408,0.211538462,0.998614958,0.470391784,0.188914103
0.127823409,0.054973822,0.342857143,0.980769231,0.084487535,0.559521672,0.741705685
0.101129363,0.002617801,0.483673469,0.403846154,0.250692521,0.292419291,0.298807667
0.936344969,0.028795812,0.606122449,0.211538462,0.915512465,0.564656875,0.263407348
0.14835729,0.081151832,0.483673469,0.980769231,0.084487535,0.640858979,0.771349783
0.088295688,0.002617801,0.302040816,0.403846154,0.084487535,0.249326678,0.239709304
0.900924025,0.028795812,0.606122449,0.211538462,0.998614958,0.537975365,0.233820699
0.144250513,0.028795812,0.318367347,0.980769231,0.084487535,0.550508134,0.71682992
0.082135524,0.002617801,0.383673469,0.403846154,0.167590028,0.246238374,0.255295685
0.905030801,0.028795812,0.630612245,0.211538462,0.998614958,0.545911588,0.247608652
0.146303901,0.054973822,0.451020408,0.980769231,0.084487535,0.646820124,0.786056933
0.103182752,0.002617801,0.391836735,0.403846154,0.167590028,0.290408303,0.27138163
0.9137577,0.028795812,0.524489796,0.211538462,0.998614958,0.517470464,0.215101638
0.123716632,0.028795812,0.442857143,0.019230769,0.167590028,0.577584659,0.46573981
0.088295688,0.002617801,0.524489796,0.980769231,0.250692521,0.278055087,0.429351104
0.924024641,0.028795812,0.63877551,0.211538462,0.915512465,0.589901964,0.272551442
0.14835729,0.028795812,0.375510204,0.980769231,0.167590028,0.575968686,0.736707552
0.0862423,0.002617801,0.391836735,0.403846154,0.250692521,0.241174992,0.255895162
0.921971253,0.028795812,0.746938776,0.211538462,0.915512465,0.637232018,0.308553318
0.160677618,0.028795812,0.408163265,0.980769231,0.084487535,0.622724171,0.733662712
0.080082136,0.002617801,0.416326531,0.980769231,0.250692521,0.243545086,0.40430299
0.898870637,0.028795812,0.532653061,0.211538462,0.832409972,0.530900995,0.237698561
0.156570842,0.081151832,0.606122449,0.980769231,0.084487535,0.726685101,0.832476374
0.127823409,0.002617801,0.614285714,0.403846154,0.250692521,0.350019751,0.328631608
0.926078029,0.028795812,0.646938776,0.211538462,0.998614958,0.554171006,0.229320465
0.127823409,0.054973822,0.467346939,0.980769231,0.084487535,0.640320322,0.7371097
0.082135524,0.002617801,0.351020408,0.403846154,0.167590028,0.233885158,0.235512971
0.900924025,0.028795812,0.432653061,0.211538462,0.832409972,0.48349912,0.198919944
0.127823409,0.054973822,0.483673469,0.980769231,0.084487535,0.63949438,0.7954787
0.123716632,0.002617801,0.475510204,0.403846154,0.250692521,0.310302726,0.307200334
0.936344969,0.028795812,0.646938776,0.211538462,0.832409972,0.587639602,0.246938404
0.14835729,0.081151832,0.516326531,0.980769231,0.084487535,0.696197077,0.778703358
0.088295688,0.002617801,0.383673469,0.403846154,0.167590028,0.254928718,0.233165022
0.890657084,0.028795812,0.342857143,0.211538462,0.749307479,0.431572521,0.155353843
0.111396304,0.028795812,0.432653061,0.019230769,0.084487535,0.596078572,0.477045931
0.094969199,0.002617801,0.391836735,0.403846154,0.084487535,0.275110425,0.259691844
0.909137577,0.028795812,0.795918367,0.211538462,0.915512465,0.595970841,0.269535327
0.156570842,0.081151832,0.730612245,0.980769231,0.084487535,0.832369735,0.881538506
0.123716632,0.002617801,0.4,0.403846154,0.250692521,0.24875211,0.22512205
0.868069815,0.028795812,0.524489796,0.211538462,0.915512465,0.455955758,0.158705081
0.101129363,0.028795812,0.293877551,0.980769231,0.084487535,0.505763637,0.686611323
0.067761807,0.002617801,0.483673469,0.403846154,0.250692521,0.259632995,0.292663036
0.934291581,0.028795812,0.597959184,0.211538462,0.915512465,0.585269508,0.262928599
0.14835729,0.028795812,0.483673469,0.980769231,0.084487535,0.654145868,0.771522133
0.092402464,0.002617801,0.483673469,0.403846154,0.084487535,0.324056451,0.295010984
0.911190965,0.028795812,0.483673469,0.211538462,0.749307479,0.506050921,0.20729804
0.125770021,0.081151832,0.432653061,0.980769231,0.084487535,0.598951413,0.724183495
0.071868583,0.002617801,0.516326531,0.980769231,0.250692521,0.276223651,0.424065723
0.900924025,0.028795812,0.475510204,0.211538462,0.915512465,0.483140015,0.180583882
0.103182752,0.028795812,0.334693878,0.980769231,0.084487535,0.548784429,0.720047109
0.090349076,0.002617801,0.351020408,0.403846154,0.167590028,0.236578447,0.244255332
0.896817248,0.028795812,0.73877551,0.211538462,0.832409972,0.627643911,0.331820489
0.160677618,0.028795812,0.383673469,0.980769231,0.167590028,0.583114878,0.718898113
0.080082136,0.002617801,0.293877551,0.403846154,0.250692521,0.199985636,0.202441866
0.886550308,0.028795812,0.424489796,0.211538462,0.998614958,0.458110389,0.176179397
0.129876797,0.081151832,0.524489796,0.019230769,0.084487535,0.662082091,0.528750754
0.125770021,0.002617801,0.467346939,0.980769231,0.250692521,0.266025066,0.413897107
0.9137577,0.028795812,0.475510204,0.211538462,0.832409972,0.509390599,0.206244794
0.133983573,0.081151832,0.432653061,0.019230769,0.084487535,0.60577441,0.468773159
0.090349076,0.002617801,0.359183673,0.403846154,0.250692521,0.24246777,0.22771978
0.900924025,0.028795812,0.483673469,0.211538462,0.832409972,0.516249506,0.232384454
0.152464066,0.081151832,0.467346939,0.980769231,0.167590028,0.627967106,0.738028897
0.082135524,0.002617801,0.342857143,0.403846154,0.250692521,0.219090028,0.224322748
0.890657084,0.028795812,0.442857143,0.211538462,0.915512465,0.487521097,0.202319057
0.14835729,0.081151832,0.646938776,0.980769231,0.084487535,0.749488275,0.823916353
0.111396304,0.002617801,0.408163265,0.403846154,0.250692521,0.262218551,0.242456903
0.888603696,0.028795812,0.342857143,0.211538462,0.832409972,0.420871189,0.140369019
0.103182752,0.081151832,0.334693878,0.019230769,0.084487535,0.547886666,0.435957832
0.075975359,0.002617801,0.451020408,0.403846154,0.250692521,0.238984451,0.262289574
0.921971253,0.028795812,0.557142857,0.211538462,0.832409972,0.5551765,0.258428365
0.152464066,0.054973822,0.508163265,0.019230769,0.084487535,0.671239272,0.533254819
0.125770021,0.002617801,0.424489796,0.403846154,0.250692521,0.249937157,0.25509586
0.907084189,0.028795812,0.475510204,0.211538462,0.915512465,0.498473803,0.192217467
0.146303901,0.081151832,0.671428571,0.980769231,0.084487535,0.755772615,0.815241433
0.092402464,0.002617801,0.467346939,0.403846154,0.250692521,0.249973067,0.24620363
0.878336756,0.028795812,0.391836735,0.211538462,0.915512465,0.428412396,0.144055382
0.107289528,0.028795812,0.4,0.980769231,0.084487535,0.557618415,0.749116709
0.099075975,0.002617801,0.424489796,0.980769231,0.250692521,0.280353359,0.422744377
0.930184805,0.028795812,0.614285714,0.211538462,0.998614958,0.572952203,0.263024349
0.150410678,0.028795812,0.565306122,0.980769231,0.084487535,0.692606026,0.811622095
0.113449692,0.002617801,0.391836735,0.403846154,0.167590028,0.278342371,0.25304765
0.902977413,0.028795812,0.695918367,0.211538462,0.915512465,0.559090746,0.232911077
0.136036961,0.028795812,0.475510204,0.980769231,0.084487535,0.640248501,0.747450665
0.080082136,0.002617801,0.475510204,0.980769231,0.250692521,0.252917729,0.402292247
0.898870637,0.028795812,0.475510204,0.211538462,0.832409972,0.483822315,0.191307845
0.123716632,0.028795812,0.424489796,0.980769231,0.084487535,0.603512048,0.756929883
0.088295688,0.002617801,0.4,0.403846154,0.084487535,0.304233849,0.284869845
0.932238193,0.028795812,0.532653061,0.211538462,0.915512465,0.533594283,0.235448444
0.150410678,0.081151832,0.516326531,0.980769231,0.084487535,0.644306388,0.762789762
0.090349076,0.002617801,0.467346939,0.403846154,0.250692521,0.267784681,0.268983725
0.911190965,0.028795812,0.475510204,0.211538462,0.998614958,0.501203002,0.198010322
0.123716632,0.028795812,0.475510204,0.980769231,0.084487535,0.600962402,0.752104099
0.080082136,0.002617801,0.475510204,0.403846154,0.084487535,0.344130427,0.329031259
0.917864476,0.028795812,0.491836735,0.211538462,0.832409972,0.528171796,0.220319995
0.133983573,0.081151832,0.459183673,0.980769231,0.084487535,0.623370561,0.735960704
0.080082136,0.002617801,0.302040816,0.403846154,0.001385042,0.25442597,0.238110701
0.905030801,0.028795812,0.516326531,0.211538462,0.915512465,0.523898445,0.218931625
0.127823409,0.054973822,0.442857143,0.980769231,0.084487535,0.602039717,0.763766409
0.090349076,0.002617801,0.432653061,0.403846154,0.084487535,0.313786045,0.281322944
0.911190965,0.028795812,0.573469388,0.211538462,0.915512465,0.53686214,0.213809018
0.125770021,0.054973822,0.293877551,0.980769231,0.084487535,0.526843107,0.699997128
0.069815195,0.002617801,0.483673469,0.980769231,0.250692521,0.263798614,0.436302531
0.928131417,0.028795812,0.508163265,0.211538462,0.915512465,0.534420225,0.216298509
0.14835729,0.081151832,0.516326531,0.019230769,0.084487535,0.653248106,0.513767845
0.101129363,0.002617801,0.581632653,0.403846154,0.250692521,0.323194599,0.320238941
0.924024641,0.028795812,0.516326531,0.211538462,0.832409972,0.519804647,0.214575015
0.138090349,0.081151832,0.432653061,0.980769231,0.084487535,0.614500664,0.747220866
0.080082136,0.002617801,0.424489796,0.403846154,0.250692521,0.224943441,0.233165022
0.886550308,0.028795812,0.516326531,0.211538462,0.998614958,0.493661795,0.196813451
0.123716632,0.028795812,0.424489796,0.980769231,0.084487535,0.610730061,0.754172292
0.078028747,0.002617801,0.367346939,0.403846154,0.250692521,0.248967573,0.247502495
0.905030801,0.028795812,0.508163265,0.211538462,0.832409972,0.519086437,0.233198326
0.144250513,0.081151832,0.524489796,0.980769231,0.084487535,0.671167451,0.787205929
0.101129363,0.002617801,0.424489796,0.403846154,0.167590028,0.305203433,0.286268623
0.909137577,0.028795812,0.5,0.211538462,0.915512465,0.522067009,0.202606306
0.117556468,0.081151832,0.391836735,0.980769231,0.084487535,0.578661974,0.701663172
0.069815195,0.002617801,0.416326531,0.403846154,0.250692521,0.229468165,0.253647126
0.907084189,0.028795812,0.391836735,0.211538462,0.832409972,0.476281107,0.190829096
0.127823409,0.028795812,0.391836735,0.980769231,0.084487535,0.601249686,0.757906529
0.10523614,0.002617801,0.432653061,0.403846154,0.167590028,0.304592954,0.300456226
0.921971253,0.028795812,0.557142857,0.211538462,0.832409972,0.557474773,0.25263551
0.125770021,0.028795812,0.342857143,0.980769231,0.167590028,0.542105074,0.708672048
0.069815195,0.002617801,0.359183673,0.403846154,0.250692521,0.256939706,0.250200138
0.911190965,0.028795812,0.695918367,0.211538462,0.915512465,0.559090746,0.225298978
0.133983573,0.081151832,0.432653061,0.019230769,0.084487535,0.624196502,0.500117772
0.099075975,0.002617801,0.483673469,0.403846154,0.250692521,0.296944016,0.288117008
0.911190965,0.028795812,0.416326531,0.211538462,0.832409972,0.489711639,0.197914572
0.125770021,0.028795812,0.432653061,0.980769231,0.084487535,0.630480842,0.774911671
0.103182752,0.002617801,0.383673469,0.403846154,0.084487535,0.268826085,0.25454634
0.890657084,0.028795812,0.442857143,0.211538462,0.749307479,0.500484792,0.220750869
0.136036961,0.028795812,0.359183673,0.980769231,0.084487535,0.55869573,0.741763134
0.080082136,0.002617801,0.532653061,0.980769231,0.250692521,0.313965598,0.458880303
0.942505133,0.028795812,0.589795918,0.211538462,0.749307479,0.584443567,0.268721455
0.146303901,0.028795812,0.524489796,0.980769231,0.084487535,0.64933386,0.787205929
0.099075975,0.002617801,0.342857143,0.403846154,0.167590028,0.242395949,0.230916986
0.886550308,0.028795812,0.442857143,0.211538462,0.832409972,0.474593313,0.200451938
0.127823409,0.028795812,0.342857143,0.980769231,0.084487535,0.562825439,0.731996668
0.090349076,0.002617801,0.483673469,0.403846154,0.250692521,0.300140051,0.303004
0.932238193,0.028795812,0.646938776,0.211538462,0.915512465,0.597730456,0.287201141
0.171457906,0.081151832,0.630612245,0.980769231,0.084487535,0.719323446,0.805245167
0.111396304,0.002617801,0.408163265,0.403846154,0.250692521,0.260853952,0.248201884
0.886550308,0.028795812,0.442857143,0.211538462,0.915512465,0.462096456,0.172110036
0.125770021,0.081151832,0.432653061,0.019230769,0.084487535,0.607318562,0.470841352
0.080082136,0.002617801,0.4,0.403846154,0.084487535,0.299314109,0.28671823
0.917864476,0.028795812,0.704081633,0.211538462,0.915512465,0.593026179,0.265274466
0.160677618,0.081151832,0.459183673,0.980769231,0.084487535,0.656049126,0.772498779
0.101129363,0.002617801,0.532653061,0.403846154,0.250692521,0.291916544,0.288666528
0.915811088,0.028795812,0.565306122,0.211538462,0.915512465,0.498689266,0.177759266
0.11550308,0.081151832,0.375510204,0.019230769,0.084487535,0.582791683,0.458018556
0.080082136,0.002617801,0.442857143,0.403846154,0.167590028,0.287571372,0.289116135
0.921971253,0.028795812,0.548979592,0.211538462,0.832409972,0.539806801,0.240618926
0.133983573,0.054973822,0.532653061,0.980769231,0.084487535,0.666965921,0.783586591
